ID	Name	Prob_pos
8170:santa fe ave	8170:santa fe ave	0.9872099161148071
5606:walnut creek	5606:walnut creek	0.9872099161148071
8617:sunnylane	8617:sunnylane	0.9872099161148071
8245:council	8245:council	0.9872099161148071
9137:park view	9137:park view	0.9872099161148071
8522:midway	8522:midway	0.9872099161148071
4518:meno tap	4518:meno tap	0.9872099161148071
8662:se 15th st	8662:se 15th st	0.9872099161148071
8905:el reno	8905:el reno	0.9872099161148071
8822:waterloo	8822:waterloo	0.9872099161148071
7417:tribbey	7417:tribbey	0.9872099161148071
5808:harden city	5808:harden city	0.9872099161148071
8806:cottonwood cr	8806:cottonwood cr	0.9872099161148071
7508:emahaka	7508:emahaka	0.9872099161148071
8336:tennessee	8336:tennessee	0.9872099161148071
3312:checotah	3312:checotah	0.9872099161148071
7620:antioch	7620:antioch	0.9872099161148071
8723:indian hill	8723:indian hill	0.9872099161148071
5907:russett	5907:russett	0.9872099161148071
3505:poteau	3505:poteau	0.9872099161148071
5305:healdton	5305:healdton	0.9872099161148071
8690:wild mary	8690:wild mary	0.9872099161148071
4230:three sands	4230:three sands	0.9872099161148071
7321:letha	7321:letha	0.9872099161148071
3216:beeline	3216:beeline	0.9872099161148071
7432:st gregory	7432:st gregory	0.9872099161148071
8620:lightning cr	8620:lightning cr	0.9872099161148071
5620:prairie point	5620:prairie point	0.9872099161148071
3213:bowden	3213:bowden	0.9872099161148071
8323:richards	8323:richards	0.9872099161148071
8313:haymaker	8313:haymaker	0.9872099161148071
8474:stonewall	8474:stonewall	0.9872099161148071
9126:oak park	9126:oak park	0.9872099161148071
8416:dunjee	8416:dunjee	0.9872099161148071
5409:little city	5409:little city	0.9872099161148071
5506:bodle	5506:bodle	0.9872099161148071
4606:cedar ave	4606:cedar ave	0.9872099161148071
3218:beggs	3218:beggs	0.9872099161148071
8321:piedmont	8321:piedmont	0.9872099161148071
8722:millennium	8722:millennium	0.9872099161148071
3507:howe	3507:howe	0.9872099161148071
8458:green pastures	8458:green pastures	0.9872099161148071
4616:newman ave	4616:newman ave	0.9872099161148071
8621:draper lake	8621:draper lake	0.9872099161148071
8312:belle isle sta	8312:belle isle sta	0.9872099161148071
8361:western ave	8361:western ave	0.9872099161148071
5705:sulphur	5705:sulphur	0.9872099161148071
8434:deep fork	8434:deep fork	0.9872099161148071
5708:davis	5708:davis	0.9872099161148071
8115:sw 22nd st	8115:sw 22nd st	0.9872099161148071
3128:hancock	3128:hancock	0.9872099161148071
5806:valley view	5806:valley view	0.9872099161148071
7506:sasakwa	7506:sasakwa	0.9872099161148071
5607:rosedale tap	5607:rosedale tap	0.9872099161148071
8464:bryant	8464:bryant	0.9872099161148071
7119:warwick	7119:warwick	0.9872099161148071
8728:cherry creek	8728:cherry creek	0.9872099161148071
5309:pooleville	5309:pooleville	0.9872099161148071
8650:glendale	8650:glendale	0.9872099161148071
8322:thirty eighth	8322:thirty eighth	0.9872099161148071
8706:boyd	8706:boyd	0.9872099161148071
3514:heavener	3514:heavener	0.9872099161148071
8654:moore	8654:moore	0.9872099161148071
7407:remington	7407:remington	0.9872099161148071
7430:inglewood	7430:inglewood	0.9872099161148071
5410:glasses	5410:glasses	0.9872099161148071
8335:bethany	8335:bethany	0.9872099161148071
5511:bokchito	5511:bokchito	0.9872099161148071
5906:tishomingo	5906:tishomingo	0.9872099161148071
3509:panama	3509:panama	0.9872099161148071
8471:ne 30th st	8471:ne 30th st	0.9872099161148071
3110:riverside	3110:riverside	0.9872099161148071
5408:caney creek	5408:caney creek	0.9872099161148071
3321:ross lake	3321:ross lake	0.9872099161148071
5807:ahloso	5807:ahloso	0.9872099161148071
7610:princeville	7610:princeville	0.9872099161148071
8493:kelley ave	8493:kelley ave	0.9872099161148071
7412:pearson	7412:pearson	0.9872099161148071
8132:kentucky	8132:kentucky	0.9872099161148071
4414:hennessey	4414:hennessey	0.9872099161148071
9330:simmons	9330:simmons	0.9872099161148071
3214:lone star	3214:lone star	0.9872099161148071
8519:ne 10th st	8519:ne 10th st	0.9872099161148071
8158:sara	8158:sara	0.9872099161148071
5117:marietta	5117:marietta	0.9872099161148071
3109:honor heights	3109:honor heights	0.9872099161148071
8221:meridian	8221:meridian	0.9872099161148071
3220:kellyville	3220:kellyville	0.9872099161148071
8206:robinson ave	8206:robinson ave	0.9872099161148071
3208:tibbens road	3208:tibbens road	0.9872099161148071
5504:butterfield	5504:butterfield	0.9872099161148071
8157:macarthur	8157:macarthur	0.9872099161148071
5108:wolf creek	5108:wolf creek	0.9872099161148071
4353:otter	4353:otter	0.9872099161148071
8626:trosper	8626:trosper	0.9872099161148071
3210:hickory hill	3210:hickory hill	0.9872099161148071
3313:illinois river	3313:illinois river	0.9872099161148071
9224:branch	9224:branch	0.9872099161148071
7706:bristow	7706:bristow	0.9872099161148071
9109:southside	9109:southside	0.9872099161148071
5106:harris st	5106:harris st	0.9872099161148071
3209:bixby	3209:bixby	0.9872099161148071
9112:belle ave	9112:belle ave	0.9872099161148071
9111:massard	9111:massard	0.9872099161148071
8129:sw 64th st	8129:sw 64th st	0.9872099161148071
5319:fox	5319:fox	0.9872099161148071
5104:foundation	5104:foundation	0.9872099161148071
8337:eighty fourth	8337:eighty fourth	0.9872099161148071
7306:fixico	7306:fixico	0.9872099161148071
8151:pennsylvania	8151:pennsylvania	0.9872099161148071
8308:lone oak	8308:lone oak	0.9872099161148071
8141:sage	8141:sage	0.9872099161148071
3327:vian	3327:vian	0.9872099161148071
8299:westoaks	8299:westoaks	0.9872099161148071
8248:sw 5th st	8248:sw 5th st	0.9872099161148071
3114:tennyson	3114:tennyson	0.9872099161148071
8220:may ave	8220:may ave	0.9872099161148071
3111:five tribes	3111:five tribes	0.9872099161148071
5512:colbert	5512:colbert	0.9872099161148071
8707:wilkinson	8707:wilkinson	0.9872099161148071
4220:clyde	4220:clyde	0.9872099161148071
7410:maud tap	7410:maud tap	0.9872099161148071
5505:durant	5505:durant	0.9872099161148071
7505:wewoka	7505:wewoka	0.9872099161148071
7208:cypress	7208:cypress	0.9872099161148071
9340:twin bridges	9340:twin bridges	0.9872099161148071
5107:tower heights	5107:tower heights	0.9872099161148071
8340:silver lake	8340:silver lake	0.9872099161148071
8133:wr airport	8133:wr airport	0.9872099161148071
7433:rock creek	7433:rock creek	0.9872099161148071
5105:ardmore	5105:ardmore	0.9872099161148071
8714:little axe	8714:little axe	0.9872099161148071
4158:fairmont	4158:fairmont	0.9872099161148071
8347:wilshire	8347:wilshire	0.9872099161148071
8910:okarche	8910:okarche	0.9872099161148071
3326:jamesville	3326:jamesville	0.9872099161148071
7632:oak grove	7632:oak grove	0.9872099161148071
5619:rush creek	5619:rush creek	0.9872099161148071
9115:battlefield	9115:battlefield	0.9872099161148071
8209:classen	8209:classen	0.9872099161148071
4261:white eagle	4261:white eagle	0.9872099161148071
9318:alma	9318:alma	0.9872099161148071
8709:little r lake	8709:little r lake	0.9872099161148071
9138:arkoma	9138:arkoma	0.9872099161148071
5124:berwyn	5124:berwyn	0.9872099161148071
4105:enid	4105:enid	0.9872099161148071
8411:acorn	8411:acorn	0.9872099161148071
7118:key west	7118:key west	0.9872099161148071
3608:muldrow	3608:muldrow	0.9872099161148071
9413:razorback	9413:razorback	0.9872099161148071
9223:subiaco	9223:subiaco	0.9872099161148071
8352:quail creek	8352:quail creek	0.9872099161148071
9104:j street	9104:j street	0.9872099161148071
8813:fitzgerald cr	8813:fitzgerald cr	0.9872099161148071
8727:stubbeman	8727:stubbeman	0.9872099161148071
8222:czech hall	8222:czech hall	0.9872099161148071
5109:ardmore west	5109:ardmore west	0.9872099161148071
4157:ne enid	4157:ne enid	0.9872099161148071
9114:johnson	9114:johnson	0.9872099161148071
8523:park place net	8523:park place net	0.9872099161148071
4707:knobhill	4707:knobhill	0.9872099161148071
7312:jumper creek	7312:jumper creek	0.9872099161148071
8719:pleasant vly	8719:pleasant vly	0.9872099161148071
8381:division ave	8381:division ave	0.9872099161148071
8656:foster	8656:foster	0.9872099161148071
8469:memorial	8469:memorial	0.9872099161148071
8297:morgan road	8297:morgan road	0.9872099161148071
5125:lone grove	5125:lone grove	0.9872099161148071
5306:county line	5306:county line	0.9872099161148071
9508:whiteside	9508:whiteside	0.9872099161148071
7320:kolache	7320:kolache	0.9872099161148071
8536:washington par	8536:washington par	0.9872099161148071
8921:jensen rd	8921:jensen rd	0.9872099161148071
5816:park lane	5816:park lane	0.9872099161148071
4119:glenwood	4119:glenwood	0.9872099161148071
5605:pauls valley	5605:pauls valley	0.9872099161148071
7411:dale	7411:dale	0.9872099161148071
4106:hemlock	4106:hemlock	0.9872099161148071
8339:tulsa ave	8339:tulsa ave	0.9872099161148071
4123:kremlin tap	4123:kremlin tap	0.9872099161148071
5813:byng spa	5813:byng spa	0.9872099161148071
8819:liberty lake	8819:liberty lake	0.9872099161148071
8163:southgate	8163:southgate	0.9872099161148071
4210:medford	4210:medford	0.9872099161148071
5322:dundee	5322:dundee	0.9872099161148071
7605:drumright	7605:drumright	0.9872099161148071
3325:wells	3325:wells	0.9872099161148071
7608:tiger creek	7608:tiger creek	0.9872099161148071
9512:adabell road	9512:adabell road	0.9872099161148071
8359:yukon	8359:yukon	0.9872099161148071
4609:glass mtns	4609:glass mtns	0.9872099161148071
9117:barling	9117:barling	0.9872099161148071
8708:cedar lane	8708:cedar lane	0.9872099161148071
9217:lavaca bloomer	9217:lavaca bloomer	0.9872099161148071
5712:jollyville	5712:jollyville	0.9872099161148071
4107:cleveland ave	4107:cleveland ave	0.9872099161148071
5707:mill creek	5707:mill creek	0.9872099161148071
8365:lakeside	8365:lakeside	0.9872099161148071
8317:skyline	8317:skyline	0.9872099161148071
9113:cavanaugh	9113:cavanaugh	0.9872099161148071
5706:lake arbuckle	5706:lake arbuckle	0.9872099161148071
8717:turner	8717:turner	0.9872099161148071
8360:woodlawn	8360:woodlawn	0.9872099161148071
3205:sapulpa	3205:sapulpa	0.9872099161148071
7409:mcloud	7409:mcloud	0.9872099161148071
9410:igo	9410:igo	0.9872099161148071
8692:air depot	8692:air depot	0.9872099161148071
8814:pine street	8814:pine street	0.9872099161148071
9125:carnall	9125:carnall	0.9872099161148071
8417:round barn	8417:round barn	0.9872099161148071
4623:tangier	4623:tangier	0.9872099161148071
9412:altus	9412:altus	0.9872099161148071
4240:deer creek	4240:deer creek	0.9872099161148071
4219:bunch creek	4219:bunch creek	0.9872099161148071
3516:tarby	3516:tarby	0.9872099161148071
3506:cavanal mtn	3506:cavanal mtn	0.9872099161148071
5508:brown og and e	5508:brown og and e	0.9872099161148071
8430:remington park	8430:remington park	0.9872099161148071
8906:southard	8906:southard	0.9872099161148071
4528:saline	4528:saline	0.9872099161148071
9215:charleston	9215:charleston	0.9872099161148071
5122:dillard	5122:dillard	0.9872099161148071
5311:ratliff	5311:ratliff	0.9872099161148071
5608:shell elmore c	5608:shell elmore c	0.9872099161148071
4611:dewey	4611:dewey	0.9872099161148071
3607:roland road	3607:roland road	0.9872099161148071
4109:waukomis	4109:waukomis	0.9872099161148071
9140:colony	9140:colony	0.9872099161148071
8398:chisholm creek	8398:chisholm creek	0.9872099161148071
7435:mission hill	7435:mission hill	0.9872099161148071
7104:bellcow	7104:bellcow	0.9872099161148071
8542:reno	8542:reno	0.9872099161148071
7614:knipe	7614:knipe	0.9872099161148071
7611:morrison tap	7611:morrison tap	0.9872099161148071
9406:helberg	9406:helberg	0.9872099161148071
4112:chestnut	4112:chestnut	0.9872099161148071
7629:cushing oilfld	7629:cushing oilfld	0.9872099161148071
5709:prices falls	5709:prices falls	0.9872099161148071
8342:braden park	8342:braden park	0.9872099161148071
5611:maysville	5611:maysville	0.9872099161148071
5809:vanoss	5809:vanoss	0.9872099161148071
4461:turkey creek	4461:turkey creek	0.9872099161148071
3136:euclid	3136:euclid	0.9872099161148071
3116:callery	3116:callery	0.9872099161148071
8908:roman nose	8908:roman nose	0.9872099161148071
5819:blue river	5819:blue river	0.9872099161148071
4522:aline	4522:aline	0.9872099161148071
8194:westmoore	8194:westmoore	0.9872099161148071
9418:little spadra	9418:little spadra	0.9872099161148071
4135:so 4th st	4135:so 4th st	0.9872099161148071
3508:spiro coal	3508:spiro coal	0.9872099161148071
8807:crescent	8807:crescent	0.9872099161148071
7117:jacktown	7117:jacktown	0.9872099161148071
7604:payne	7604:payne	0.9872099161148071
8150:hobby lobby	8150:hobby lobby	0.9872099161148071
4153:imo	4153:imo	0.9872099161148071
4705:alva	4705:alva	0.9872099161148071
4608:woodward distr	4608:woodward distr	0.9872099161148071
8705:norman	8705:norman	0.9872099161148071
4538:goltry tap	4538:goltry tap	0.9872099161148071
4151:vance afb	4151:vance afb	0.9872099161148071
5321:wildhorse	5321:wildhorse	0.9872099161148071
3314:porum	3314:porum	0.9872099161148071
8618:barnes	8618:barnes	0.9872099161148071
4225:four corners	4225:four corners	0.9872099161148071
4519:cleo	4519:cleo	0.9872099161148071
7307:little river	7307:little river	0.9872099161148071
8715:etowah	8715:etowah	0.9872099161148071
3315:warner tap	3315:warner tap	0.9872099161148071
7512:cromwell	7512:cromwell	0.9872099161148071
8907:canton	8907:canton	0.9872099161148071
9230:short mtn	9230:short mtn	0.9872099161148071
7311:burnett	7311:burnett	0.9872099161148071
8726:noble	8726:noble	0.9872099161148071
5621:chigley	5621:chigley	0.9872099161148071
8888:edmond dist	8888:edmond dist	0.9872099161148071
7631:jennings	7631:jennings	0.9872099161148071
3132:muskogee port	3132:muskogee port	0.9872099161148071
7606:cushing tap	7606:cushing tap	0.9872099161148071
8721:spring hill	8721:spring hill	0.9872099161148071
7628:pipeline	7628:pipeline	0.9872099161148071
3332:eufaula spa	3332:eufaula spa	0.9872099161148071
3207:hill top	3207:hill top	0.9872099161148071
8506:park place	8506:park place	0.9872099161148071
4239:otoe	4239:otoe	0.9872099161148071
3137:agency	3137:agency	0.9872099161148071
9980:quanex	9980:quanex	0.9872099161148071
4256:sincl blkwell	4256:sincl blkwell	0.9872099161148071
7429:macomb oc pump	7429:macomb oc pump	0.9872099161148071
8711:texas pl stell	8711:texas pl stell	0.9872099161148071
7625:seaway	7625:seaway	0.9872099161148071
8155:will rogers	8155:will rogers	0.9872099161148071
9135:gerber road	9135:gerber road	0.9872099161148071
7633:mcelroy	7633:mcelroy	0.9872099161148071
4233:cowboy hill	4233:cowboy hill	0.9872099161148071
4624:iodine	4624:iodine	0.9872099161148071
8924:tall bear	8924:tall bear	0.9872099161148071
4155:enid industria	4155:enid industria	0.9872099161148071
4241:deadman creek	4241:deadman creek	0.9872099161148071
3335:kerr mcgee seq	3335:kerr mcgee seq	0.9872099161148071
5804:south ada	5804:south ada	0.9872099161148071
7317:konawa oc pump	7317:konawa oc pump	0.9872099161148071
8687:tinker field 5	8687:tinker field 5	0.9872099161148071
7437:mobil chemical	7437:mobil chemical	0.9872099161148071
5407:madill industr	5407:madill industr	0.9872099161148071
5623:sun oil	5623:sun oil	0.9872099161148071
7609:shell pl cush	7609:shell pl cush	0.9872099161148071
7693:arco pl cushin	7693:arco pl cushin	0.9872099161148071
7626:skelly pl cush	7626:skelly pl cush	0.9872099161148071
8685:tinker field 4	8685:tinker field 4	0.9872099161148071
8697:tinker field 3	8697:tinker field 3	0.9872099161148071
robinson network	robinson network	0.9872099161148071
8535:ou med center	8535:ou med center	0.9872099161148071
3316:warner	3316:warner	0.9872099161148071
3131:muskogee ww	3131:muskogee ww	0.9872099161148071
8724:whouse norman	8724:whouse norman	0.9872099161148071
5510:expl pl durant	5510:expl pl durant	0.9872099161148071
4246:cherokee pl po	4246:cherokee pl po	0.9872099161148071
7436:wolverine	7436:wolverine	0.9872099161148071
5111:dripping springs	5111:dripping springs	0.9872099161148071
7316:young creek	7316:young creek	0.9872099161148071
8680:elm creek	8680:elm creek	0.9872099161148071
7636:great plains	7636:great plains	0.9872099161148071
9965:norton/alcoa	9965:norton/alcoa	0.9872099161148071
8526:crosstown	8526:crosstown	0.9872099161148071
4354:bronco road	4354:bronco road	0.9872099161148071
3907:yaffe	3907:yaffe	0.9872099161148071
4621:woodward nitro	4621:woodward nitro	0.9872099161148071
7405:shawnee	7405:shawnee	0.9872099161148071
4242:cont blacks	4242:cont blacks	0.9872099161148071
8696:tinker 6	8696:tinker 6	0.9872099161148071
5312:sincl pl ringl	5312:sincl pl ringl	0.9872099161148071
4104:granary	4104:granary	0.9872099161148071
8266:mustang sta	8266:mustang sta	0.9872099161148071
8904:canton lake	8904:canton lake	0.9872099161148071
3117:three rivers	3117:three rivers	0.9872099161148071
5812:salt creek	5812:salt creek	0.9872099161148071
4265:standing bear	4265:standing bear	0.9872099161148071
5123:uniroyal	5123:uniroyal	0.9872099161148071
8810:orlando	8810:orlando	0.9872099161148071
8686:general motors	8686:general motors	0.9872099161148071
5515:blue bird	5515:blue bird	0.9872099161148071
3217:polecat creek	3217:polecat creek	0.9872099161148071
8169:malcolm rd	8169:malcolm rd	0.9872099161148071
5129:total petro	5129:total petro	0.9872099161148071
8167:redcorn	8167:redcorn	0.9872099161148071
4211:grant county	4211:grant county	0.9872099161148071
lone oak	lone oak	0.9872099161148071
4215:cont empire	4215:cont empire	0.9872099161148071
8168:cemetery rd	8168:cemetery rd	0.9872099161148071
8328:campbell ck	8328:campbell ck	0.9872099161148071
8516:gateway	8516:gateway	0.9872099161148071
8576:horseshoe lake	8576:horseshoe lake	0.9872099161148071
8463:chitwood	8463:chitwood	0.9872099161148071
8224:xerox	8224:xerox	0.9872099161148071
8113:chemetron	8113:chemetron	0.9872099161148071
7512: cromwell	7512: cromwell	0.9872099161148071
8658:discovery	8658:discovery	0.9872099161148071
8361: western ave	8361: western ave	0.9872099161148071
3214: lone star	3214: lone star	0.9872099161148071
3114: tennyson	3114: tennyson	0.9872099161148071
3326: jamesville	3326: jamesville	0.9872099161148071
7435: mission hill	7435: mission hill	0.9872099161148071
5607: rose dale tap	5607: rose dale tap	0.9872099161148071
8248: sw 5th st	8248: sw 5th st	0.9872099161148071
8158: sara	8158: sara	0.9872099161148071
8536: washington park	8536: washington park	0.9872099161148071
8359: yukon	8359: yukon	0.9872099161148071
8141: sage	8141: sage	0.9872099161148071
3220: kellyville	3220: kellyville	0.9872099161148071
8220: may ave	8220: may ave	0.9872099161148071
8115: sw 22nd st	8115: sw 22nd st	0.9872099161148071
8474: stonewall	8474: stonewall	0.9872099161148071
8621: draper lake	8621: draper lake	0.9872099161148071
5606: walnut creek	5606: walnut creek	0.9872099161148071
3329:keetoowah	3329:keetoowah	0.9872099161148071
4215:continental empire	4215:continental empire	0.9872099161148071
4159:plainsmen	4159:plainsmen	0.9872099161148071
8688:new dominion	8688:new dominion	0.9872099161148071
5507:rebar	5507:rebar	0.9872099161148071
